,name,original label,predictions
0,DiskR10_1.jpg,1,1.0
1,DiskR10_10.jpg,1,1.0
2,DiskR10_11.jpg,1,1.0
3,DiskR10_12.jpg,1,1.0
4,DiskR10_13.jpg,1,1.0
5,DiskR10_14.jpg,1,1.0
6,DiskR10_15.jpg,1,1.0
7,DiskR10_16.jpg,1,1.0
8,DiskR10_17.jpg,1,1.0
9,DiskR10_18.jpg,1,1.0
10,DiskR10_19.jpg,1,1.0
11,DiskR10_2.jpg,1,1.0
12,DiskR10_20.jpg,1,1.0
13,DiskR10_21.jpg,1,1.0
14,DiskR10_22.jpg,1,1.0
15,DiskR10_23.jpg,1,1.0
16,DiskR10_24.jpg,1,1.0
17,DiskR10_25.jpg,1,1.0
18,DiskR10_26.jpg,1,1.0
19,DiskR10_27.jpg,1,1.0
20,DiskR10_28.jpg,1,1.0
21,DiskR10_29.jpg,1,1.0
22,DiskR10_3.jpg,1,1.0
23,DiskR10_30.jpg,1,1.0
24,DiskR10_4.jpg,1,1.0
25,DiskR10_5.jpg,1,1.0
26,DiskR10_6.jpg,1,1.0
27,DiskR10_7.jpg,1,1.0
28,DiskR10_8.jpg,1,1.0
29,DiskR10_9.jpg,1,1.0
30,DiskR20_1.jpg,1,1.0
31,DiskR20_10.jpg,1,1.0
32,DiskR20_11.jpg,1,1.0
33,DiskR20_12.jpg,1,1.0
34,DiskR20_13.jpg,1,1.0
35,DiskR20_14.jpg,1,1.0
36,DiskR20_15.jpg,1,1.0
37,DiskR20_16.jpg,1,1.0
38,DiskR20_17.jpg,1,1.0
39,DiskR20_18.jpg,1,1.0
40,DiskR20_19.jpg,1,1.0
41,DiskR20_2.jpg,1,1.0
42,DiskR20_20.jpg,1,1.0
43,DiskR20_21.jpg,1,1.0
44,DiskR20_22.jpg,1,1.0
45,DiskR20_23.jpg,1,1.0
46,DiskR20_24.jpg,1,1.0
47,DiskR20_25.jpg,1,1.0
48,DiskR20_26.jpg,1,1.0
49,DiskR20_27.jpg,1,1.0
50,DiskR20_28.jpg,1,1.0
51,DiskR20_29.jpg,1,1.0
52,DiskR20_3.jpg,1,1.0
53,DiskR20_30.jpg,1,1.0
54,DiskR20_4.jpg,1,1.0
55,DiskR20_5.jpg,1,1.0
56,DiskR20_6.jpg,1,1.0
57,DiskR20_7.jpg,1,1.0
58,DiskR20_8.jpg,1,1.0
59,DiskR20_9.jpg,1,1.0
60,DiskR30_1.jpg,1,1.0
61,DiskR30_10.jpg,1,1.0
62,DiskR30_11.jpg,1,1.0
63,DiskR30_12.jpg,1,1.0
64,DiskR30_13.jpg,1,1.0
65,DiskR30_14.jpg,1,1.0
66,DiskR30_15.jpg,1,1.0
67,DiskR30_16.jpg,1,1.0
68,DiskR30_17.jpg,1,1.0
69,DiskR30_18.jpg,1,1.0
70,DiskR30_19.jpg,1,1.0
71,DiskR30_2.jpg,1,1.0
72,DiskR30_20.jpg,1,1.0
73,DiskR30_21.jpg,1,1.0
74,DiskR30_22.jpg,1,1.0
75,DiskR30_23.jpg,1,1.0
76,DiskR30_24.jpg,1,1.0
77,DiskR30_25.jpg,1,1.0
78,DiskR30_26.jpg,1,1.0
79,DiskR30_27.jpg,1,1.0
80,DiskR30_28.jpg,1,1.0
81,DiskR30_29.jpg,1,1.0
82,DiskR30_3.jpg,1,1.0
83,DiskR30_30.jpg,1,1.0
84,DiskR30_4.jpg,1,1.0
85,DiskR30_5.jpg,1,1.0
86,DiskR30_6.jpg,1,1.0
87,DiskR30_7.jpg,1,1.0
88,DiskR30_8.jpg,1,1.0
89,DiskR30_9.jpg,1,1.0
90,DiskR50_1.jpg,1,1.0
91,DiskR50_10.jpg,1,1.0
92,DiskR50_11.jpg,1,1.0
93,DiskR50_12.jpg,1,1.0
94,DiskR50_13.jpg,1,1.0
95,DiskR50_14.jpg,1,1.0
96,DiskR50_15.jpg,1,1.0
97,DiskR50_16.jpg,1,1.0
98,DiskR50_17.jpg,1,1.0
99,DiskR50_18.jpg,1,1.0
100,DiskR50_19.jpg,1,1.0
101,DiskR50_2.jpg,1,1.0
102,DiskR50_20.jpg,1,1.0
103,DiskR50_21.jpg,1,1.0
104,DiskR50_22.jpg,1,1.0
105,DiskR50_23.jpg,1,1.0
106,DiskR50_24.jpg,1,1.0
107,DiskR50_25.jpg,1,1.0
108,DiskR50_26.jpg,1,1.0
109,DiskR50_27.jpg,1,1.0
110,DiskR50_28.jpg,1,1.0
111,DiskR50_29.jpg,1,1.0
112,DiskR50_3.jpg,1,1.0
113,DiskR50_30.jpg,1,1.0
114,DiskR50_4.jpg,1,1.0
115,DiskR50_5.jpg,1,1.0
116,DiskR50_6.jpg,1,1.0
117,DiskR50_7.jpg,1,1.0
118,DiskR50_8.jpg,1,1.0
119,DiskR50_9.jpg,1,1.0
120,DiskR8_1.jpg,1,1.0
121,DiskR8_10.jpg,1,1.0
122,DiskR8_11.jpg,1,1.0
123,DiskR8_12.jpg,1,1.0
124,DiskR8_13.jpg,1,1.0
125,DiskR8_14.jpg,1,1.0
126,DiskR8_15.jpg,1,1.0
127,DiskR8_16.jpg,1,1.0
128,DiskR8_17.jpg,1,1.0
129,DiskR8_18.jpg,1,1.0
130,DiskR8_19.jpg,1,1.0
131,DiskR8_2.jpg,1,1.0
132,DiskR8_20.jpg,1,1.0
133,DiskR8_21.jpg,1,1.0
134,DiskR8_22.jpg,1,1.0
135,DiskR8_23.jpg,1,1.0
136,DiskR8_24.jpg,1,1.0
137,DiskR8_25.jpg,1,1.0
138,DiskR8_26.jpg,1,1.0
139,DiskR8_27.jpg,1,1.0
140,DiskR8_28.jpg,1,1.0
141,DiskR8_29.jpg,1,1.0
142,DiskR8_3.jpg,1,1.0
143,DiskR8_30.jpg,1,1.0
144,DiskR8_4.jpg,1,1.0
145,DiskR8_5.jpg,1,1.0
146,DiskR8_6.jpg,1,1.0
147,DiskR8_7.jpg,1,1.0
148,DiskR8_8.jpg,1,1.0
149,DiskR8_9.jpg,1,1.0
150,GaussianH15x15S200_1.jpg,1,1.0
151,GaussianH15x15S200_10.jpg,1,1.0
152,GaussianH15x15S200_11.jpg,1,1.0
153,GaussianH15x15S200_12.jpg,1,1.0
154,GaussianH15x15S200_13.jpg,1,1.0
155,GaussianH15x15S200_14.jpg,1,1.0
156,GaussianH15x15S200_15.jpg,1,1.0
157,GaussianH15x15S200_16.jpg,1,1.0
158,GaussianH15x15S200_17.jpg,1,1.0
159,GaussianH15x15S200_18.jpg,1,1.0
160,GaussianH15x15S200_19.jpg,1,1.0
161,GaussianH15x15S200_2.jpg,1,1.0
162,GaussianH15x15S200_20.jpg,1,1.0
163,GaussianH15x15S200_21.jpg,1,1.0
164,GaussianH15x15S200_22.jpg,1,1.0
165,GaussianH15x15S200_23.jpg,1,1.0
166,GaussianH15x15S200_24.jpg,1,1.0
167,GaussianH15x15S200_25.jpg,1,1.0
168,GaussianH15x15S200_26.jpg,1,1.0
169,GaussianH15x15S200_27.jpg,1,1.0
170,GaussianH15x15S200_28.jpg,1,1.0
171,GaussianH15x15S200_29.jpg,1,1.0
172,GaussianH15x15S200_3.jpg,1,1.0
173,GaussianH15x15S200_30.jpg,1,1.0
174,GaussianH15x15S200_4.jpg,1,1.0
175,GaussianH15x15S200_5.jpg,1,1.0
176,GaussianH15x15S200_6.jpg,1,1.0
177,GaussianH15x15S200_7.jpg,1,1.0
178,GaussianH15x15S200_8.jpg,1,1.0
179,GaussianH15x15S200_9.jpg,1,1.0
180,GaussianH1x50S250_1.jpg,1,1.0
181,GaussianH1x50S250_10.jpg,1,1.0
182,GaussianH1x50S250_11.jpg,1,1.0
183,GaussianH1x50S250_12.jpg,1,1.0
184,GaussianH1x50S250_13.jpg,1,1.0
185,GaussianH1x50S250_14.jpg,1,1.0
186,GaussianH1x50S250_15.jpg,1,1.0
187,GaussianH1x50S250_16.jpg,1,1.0
188,GaussianH1x50S250_17.jpg,1,1.0
189,GaussianH1x50S250_18.jpg,1,1.0
190,GaussianH1x50S250_19.jpg,1,1.0
191,GaussianH1x50S250_2.jpg,1,1.0
192,GaussianH1x50S250_20.jpg,1,1.0
193,GaussianH1x50S250_21.jpg,1,1.0
194,GaussianH1x50S250_22.jpg,1,1.0
195,GaussianH1x50S250_23.jpg,1,1.0
196,GaussianH1x50S250_24.jpg,1,1.0
197,GaussianH1x50S250_25.jpg,1,1.0
198,GaussianH1x50S250_26.jpg,1,1.0
199,GaussianH1x50S250_27.jpg,1,1.0
200,GaussianH1x50S250_28.jpg,1,1.0
201,GaussianH1x50S250_29.jpg,1,1.0
202,GaussianH1x50S250_3.jpg,1,1.0
203,GaussianH1x50S250_30.jpg,1,1.0
204,GaussianH1x50S250_4.jpg,1,1.0
205,GaussianH1x50S250_5.jpg,1,1.0
206,GaussianH1x50S250_6.jpg,1,1.0
207,GaussianH1x50S250_7.jpg,1,1.0
208,GaussianH1x50S250_8.jpg,1,1.0
209,GaussianH1x50S250_9.jpg,1,1.0
210,GaussianH25x25S100_1.jpg,1,1.0
211,GaussianH25x25S100_10.jpg,1,1.0
212,GaussianH25x25S100_11.jpg,1,1.0
213,GaussianH25x25S100_12.jpg,1,1.0
214,GaussianH25x25S100_13.jpg,1,1.0
215,GaussianH25x25S100_14.jpg,1,1.0
216,GaussianH25x25S100_15.jpg,1,1.0
217,GaussianH25x25S100_16.jpg,1,1.0
218,GaussianH25x25S100_17.jpg,1,1.0
219,GaussianH25x25S100_18.jpg,1,1.0
220,GaussianH25x25S100_19.jpg,1,1.0
221,GaussianH25x25S100_2.jpg,1,1.0
222,GaussianH25x25S100_20.jpg,1,1.0
223,GaussianH25x25S100_21.jpg,1,1.0
224,GaussianH25x25S100_22.jpg,1,1.0
225,GaussianH25x25S100_23.jpg,1,1.0
226,GaussianH25x25S100_24.jpg,1,1.0
227,GaussianH25x25S100_25.jpg,1,1.0
228,GaussianH25x25S100_26.jpg,1,1.0
229,GaussianH25x25S100_27.jpg,1,1.0
230,GaussianH25x25S100_28.jpg,1,1.0
231,GaussianH25x25S100_29.jpg,1,1.0
232,GaussianH25x25S100_3.jpg,1,1.0
233,GaussianH25x25S100_30.jpg,1,1.0
234,GaussianH25x25S100_4.jpg,1,1.0
235,GaussianH25x25S100_5.jpg,1,1.0
236,GaussianH25x25S100_6.jpg,1,1.0
237,GaussianH25x25S100_7.jpg,1,1.0
238,GaussianH25x25S100_8.jpg,1,1.0
239,GaussianH25x25S100_9.jpg,1,1.0
240,GaussianH25x25S300_1.jpg,1,1.0
241,GaussianH25x25S300_10.jpg,1,1.0
242,GaussianH25x25S300_11.jpg,1,1.0
243,GaussianH25x25S300_12.jpg,1,1.0
244,GaussianH25x25S300_13.jpg,1,1.0
245,GaussianH25x25S300_14.jpg,1,1.0
246,GaussianH25x25S300_15.jpg,1,1.0
247,GaussianH25x25S300_16.jpg,1,1.0
248,GaussianH25x25S300_17.jpg,1,1.0
249,GaussianH25x25S300_18.jpg,1,1.0
250,GaussianH25x25S300_19.jpg,1,1.0
251,GaussianH25x25S300_2.jpg,1,1.0
252,GaussianH25x25S300_20.jpg,1,1.0
253,GaussianH25x25S300_21.jpg,1,1.0
254,GaussianH25x25S300_22.jpg,1,1.0
255,GaussianH25x25S300_23.jpg,1,1.0
256,GaussianH25x25S300_24.jpg,1,1.0
257,GaussianH25x25S300_25.jpg,1,1.0
258,GaussianH25x25S300_26.jpg,1,1.0
259,GaussianH25x25S300_27.jpg,1,1.0
260,GaussianH25x25S300_28.jpg,1,1.0
261,GaussianH25x25S300_29.jpg,1,1.0
262,GaussianH25x25S300_3.jpg,1,1.0
263,GaussianH25x25S300_30.jpg,1,1.0
264,GaussianH25x25S300_4.jpg,1,1.0
265,GaussianH25x25S300_5.jpg,1,1.0
266,GaussianH25x25S300_6.jpg,1,1.0
267,GaussianH25x25S300_7.jpg,1,1.0
268,GaussianH25x25S300_8.jpg,1,1.0
269,GaussianH25x25S300_9.jpg,1,1.0
270,GaussianH2x80S300_1.jpg,1,1.0
271,GaussianH2x80S300_10.jpg,1,1.0
272,GaussianH2x80S300_11.jpg,1,1.0
273,GaussianH2x80S300_12.jpg,1,1.0
274,GaussianH2x80S300_13.jpg,1,1.0
275,GaussianH2x80S300_14.jpg,1,1.0
276,GaussianH2x80S300_15.jpg,1,1.0
277,GaussianH2x80S300_16.jpg,1,1.0
278,GaussianH2x80S300_17.jpg,1,1.0
279,GaussianH2x80S300_18.jpg,1,1.0
280,GaussianH2x80S300_19.jpg,1,1.0
281,GaussianH2x80S300_2.jpg,1,1.0
282,GaussianH2x80S300_20.jpg,1,1.0
283,GaussianH2x80S300_21.jpg,1,1.0
284,GaussianH2x80S300_22.jpg,1,1.0
285,GaussianH2x80S300_23.jpg,1,1.0
286,GaussianH2x80S300_24.jpg,1,1.0
287,GaussianH2x80S300_25.jpg,1,1.0
288,GaussianH2x80S300_26.jpg,1,1.0
289,GaussianH2x80S300_27.jpg,1,1.0
290,GaussianH2x80S300_28.jpg,1,1.0
291,GaussianH2x80S300_29.jpg,1,1.0
292,GaussianH2x80S300_3.jpg,1,1.0
293,GaussianH2x80S300_30.jpg,1,1.0
294,GaussianH2x80S300_4.jpg,1,1.0
295,GaussianH2x80S300_5.jpg,1,1.0
296,GaussianH2x80S300_6.jpg,1,1.0
297,GaussianH2x80S300_7.jpg,1,1.0
298,GaussianH2x80S300_8.jpg,1,1.0
299,GaussianH2x80S300_9.jpg,1,1.0
300,GaussianH50x50S300_1.jpg,1,1.0
301,GaussianH50x50S300_10.jpg,1,1.0
302,GaussianH50x50S300_11.jpg,1,1.0
303,GaussianH50x50S300_12.jpg,1,1.0
304,GaussianH50x50S300_13.jpg,1,1.0
305,GaussianH50x50S300_14.jpg,1,1.0
306,GaussianH50x50S300_15.jpg,1,1.0
307,GaussianH50x50S300_16.jpg,1,1.0
308,GaussianH50x50S300_17.jpg,1,1.0
309,GaussianH50x50S300_18.jpg,1,1.0
310,GaussianH50x50S300_19.jpg,1,1.0
311,GaussianH50x50S300_2.jpg,1,1.0
312,GaussianH50x50S300_20.jpg,1,1.0
313,GaussianH50x50S300_21.jpg,1,1.0
314,GaussianH50x50S300_22.jpg,1,1.0
315,GaussianH50x50S300_23.jpg,1,1.0
316,GaussianH50x50S300_24.jpg,1,1.0
317,GaussianH50x50S300_25.jpg,1,1.0
318,GaussianH50x50S300_26.jpg,1,1.0
319,GaussianH50x50S300_27.jpg,1,1.0
320,GaussianH50x50S300_28.jpg,1,1.0
321,GaussianH50x50S300_29.jpg,1,1.0
322,GaussianH50x50S300_3.jpg,1,1.0
323,GaussianH50x50S300_30.jpg,1,1.0
324,GaussianH50x50S300_4.jpg,1,1.0
325,GaussianH50x50S300_5.jpg,1,1.0
326,GaussianH50x50S300_6.jpg,1,1.0
327,GaussianH50x50S300_7.jpg,1,1.0
328,GaussianH50x50S300_8.jpg,1,1.0
329,GaussianH50x50S300_9.jpg,1,1.0
330,MotionL100Th0_1.jpg,1,1.0
331,MotionL100Th0_10.jpg,1,1.0
332,MotionL100Th0_11.jpg,1,1.0
333,MotionL100Th0_12.jpg,1,1.0
334,MotionL100Th0_13.jpg,1,1.0
335,MotionL100Th0_14.jpg,1,1.0
336,MotionL100Th0_15.jpg,1,1.0
337,MotionL100Th0_16.jpg,1,1.0
338,MotionL100Th0_17.jpg,1,1.0
339,MotionL100Th0_18.jpg,1,1.0
340,MotionL100Th0_19.jpg,1,1.0
341,MotionL100Th0_2.jpg,1,1.0
342,MotionL100Th0_20.jpg,1,1.0
343,MotionL100Th0_21.jpg,1,1.0
344,MotionL100Th0_22.jpg,1,1.0
345,MotionL100Th0_23.jpg,1,1.0
346,MotionL100Th0_24.jpg,1,1.0
347,MotionL100Th0_25.jpg,1,1.0
348,MotionL100Th0_26.jpg,1,1.0
349,MotionL100Th0_27.jpg,1,1.0
350,MotionL100Th0_28.jpg,1,1.0
351,MotionL100Th0_29.jpg,1,1.0
352,MotionL100Th0_3.jpg,1,1.0
353,MotionL100Th0_30.jpg,1,1.0
354,MotionL100Th0_4.jpg,1,1.0
355,MotionL100Th0_5.jpg,1,1.0
356,MotionL100Th0_6.jpg,1,1.0
357,MotionL100Th0_7.jpg,1,1.0
358,MotionL100Th0_8.jpg,1,1.0
359,MotionL100Th0_9.jpg,1,1.0
360,MotionL100Th45_1.jpg,1,1.0
361,MotionL100Th45_10.jpg,1,1.0
362,MotionL100Th45_11.jpg,1,1.0
363,MotionL100Th45_12.jpg,1,1.0
364,MotionL100Th45_13.jpg,1,1.0
365,MotionL100Th45_14.jpg,1,1.0
366,MotionL100Th45_15.jpg,1,1.0
367,MotionL100Th45_16.jpg,1,1.0
368,MotionL100Th45_17.jpg,1,1.0
369,MotionL100Th45_18.jpg,1,1.0
370,MotionL100Th45_19.jpg,1,1.0
371,MotionL100Th45_2.jpg,1,1.0
372,MotionL100Th45_20.jpg,1,1.0
373,MotionL100Th45_21.jpg,1,1.0
374,MotionL100Th45_22.jpg,1,1.0
375,MotionL100Th45_23.jpg,1,1.0
376,MotionL100Th45_24.jpg,1,1.0
377,MotionL100Th45_25.jpg,1,1.0
378,MotionL100Th45_26.jpg,1,1.0
379,MotionL100Th45_27.jpg,1,1.0
380,MotionL100Th45_28.jpg,1,1.0
381,MotionL100Th45_29.jpg,1,1.0
382,MotionL100Th45_3.jpg,1,1.0
383,MotionL100Th45_30.jpg,1,1.0
384,MotionL100Th45_4.jpg,1,1.0
385,MotionL100Th45_5.jpg,1,1.0
386,MotionL100Th45_6.jpg,1,1.0
387,MotionL100Th45_7.jpg,1,1.0
388,MotionL100Th45_8.jpg,1,1.0
389,MotionL100Th45_9.jpg,1,1.0
390,MotionL50Th90_1.jpg,1,1.0
391,MotionL50Th90_10.jpg,1,1.0
392,MotionL50Th90_11.jpg,1,1.0
393,MotionL50Th90_12.jpg,1,1.0
394,MotionL50Th90_13.jpg,1,1.0
395,MotionL50Th90_14.jpg,1,1.0
396,MotionL50Th90_15.jpg,1,1.0
397,MotionL50Th90_16.jpg,1,1.0
398,MotionL50Th90_17.jpg,1,1.0
399,MotionL50Th90_18.jpg,1,1.0
400,MotionL50Th90_19.jpg,1,1.0
401,MotionL50Th90_2.jpg,1,1.0
402,MotionL50Th90_20.jpg,1,1.0
403,MotionL50Th90_21.jpg,1,1.0
404,MotionL50Th90_22.jpg,1,1.0
405,MotionL50Th90_23.jpg,1,1.0
406,MotionL50Th90_24.jpg,1,1.0
407,MotionL50Th90_25.jpg,1,1.0
408,MotionL50Th90_26.jpg,1,1.0
409,MotionL50Th90_27.jpg,1,1.0
410,MotionL50Th90_28.jpg,1,1.0
411,MotionL50Th90_29.jpg,1,1.0
412,MotionL50Th90_3.jpg,1,1.0
413,MotionL50Th90_30.jpg,1,1.0
414,MotionL50Th90_4.jpg,1,1.0
415,MotionL50Th90_5.jpg,1,1.0
416,MotionL50Th90_6.jpg,1,1.0
417,MotionL50Th90_7.jpg,1,1.0
418,MotionL50Th90_8.jpg,1,1.0
419,MotionL50Th90_9.jpg,1,1.0
420,MotionL80Th45_1.jpg,1,1.0
421,MotionL80Th45_10.jpg,1,1.0
422,MotionL80Th45_11.jpg,1,1.0
423,MotionL80Th45_12.jpg,1,1.0
424,MotionL80Th45_13.jpg,1,1.0
425,MotionL80Th45_14.jpg,1,1.0
426,MotionL80Th45_15.jpg,1,1.0
427,MotionL80Th45_16.jpg,1,1.0
428,MotionL80Th45_17.jpg,1,1.0
429,MotionL80Th45_18.jpg,1,1.0
430,MotionL80Th45_19.jpg,1,1.0
431,MotionL80Th45_2.jpg,1,1.0
432,MotionL80Th45_20.jpg,1,1.0
433,MotionL80Th45_21.jpg,1,1.0
434,MotionL80Th45_22.jpg,1,1.0
435,MotionL80Th45_23.jpg,1,1.0
436,MotionL80Th45_24.jpg,1,1.0
437,MotionL80Th45_25.jpg,1,1.0
438,MotionL80Th45_26.jpg,1,1.0
439,MotionL80Th45_27.jpg,1,1.0
440,MotionL80Th45_28.jpg,1,1.0
441,MotionL80Th45_29.jpg,1,1.0
442,MotionL80Th45_3.jpg,1,1.0
443,MotionL80Th45_30.jpg,1,1.0
444,MotionL80Th45_4.jpg,1,1.0
445,MotionL80Th45_5.jpg,1,1.0
446,MotionL80Th45_6.jpg,1,1.0
447,MotionL80Th45_7.jpg,1,1.0
448,MotionL80Th45_8.jpg,1,1.0
449,MotionL80Th45_9.jpg,1,1.0
450,Original_1.jpg,-1,-1.0
451,Original_1.jpg,-1,1.0
452,Original_10.jpg,-1,-1.0
453,Original_10.jpg,-1,-1.0
454,Original_100.jpg,-1,-1.0
455,Original_1000.jpg,1,-1.0
456,Original_101.jpg,-1,-1.0
457,Original_102.jpg,-1,-1.0
458,Original_103.jpg,-1,-1.0
459,Original_104.jpg,-1,-1.0
460,Original_105.jpg,-1,-1.0
461,Original_106.jpg,-1,-1.0
462,Original_107.jpg,-1,-1.0
463,Original_108.jpg,-1,-1.0
464,Original_109.jpg,1,-1.0
465,Original_11.jpg,-1,-1.0
466,Original_11.jpg,-1,-1.0
467,Original_110.jpg,1,-1.0
468,Original_111.jpg,-1,-1.0
469,Original_112.jpg,1,-1.0
470,Original_113.jpg,1,1.0
471,Original_114.jpg,-1,-1.0
472,Original_115.jpg,1,-1.0
473,Original_116.jpg,-1,-1.0
474,Original_117.jpg,-1,-1.0
475,Original_118.jpg,-1,-1.0
476,Original_119.jpg,-1,-1.0
477,Original_12.jpg,-1,-1.0
478,Original_12.jpg,-1,-1.0
479,Original_120.jpg,1,-1.0
480,Original_121.jpg,1,-1.0
481,Original_122.jpg,-1,-1.0
482,Original_123.jpg,-1,-1.0
483,Original_124.jpg,-1,-1.0
484,Original_125.jpg,1,1.0
485,Original_126.jpg,-1,-1.0
486,Original_127.jpg,-1,-1.0
487,Original_128.jpg,-1,-1.0
488,Original_129.jpg,1,-1.0
489,Original_13.jpg,-1,-1.0
490,Original_13.jpg,-1,-1.0
491,Original_130.jpg,-1,-1.0
492,Original_131.jpg,-1,-1.0
493,Original_132.jpg,-1,-1.0
494,Original_133.jpg,-1,1.0
495,Original_134.jpg,1,-1.0
496,Original_135.jpg,-1,-1.0
497,Original_136.jpg,-1,-1.0
498,Original_137.jpg,-1,-1.0
499,Original_138.jpg,-1,-1.0
500,Original_139.jpg,-1,-1.0
501,Original_14.jpg,-1,-1.0
502,Original_14.jpg,-1,-1.0
503,Original_140.jpg,1,-1.0
504,Original_141.jpg,1,-1.0
505,Original_142.jpg,-1,-1.0
506,Original_143.jpg,-1,-1.0
507,Original_144.jpg,-1,1.0
508,Original_145.jpg,-1,-1.0
509,Original_146.jpg,-1,-1.0
510,Original_147.jpg,-1,-1.0
511,Original_148.jpg,-1,-1.0
512,Original_149.jpg,-1,-1.0
513,Original_15.jpg,-1,-1.0
514,Original_15.jpg,-1,-1.0
515,Original_150.jpg,-1,-1.0
516,Original_151.jpg,-1,-1.0
517,Original_152.jpg,-1,-1.0
518,Original_153.jpg,-1,-1.0
519,Original_154.jpg,-1,-1.0
520,Original_155.jpg,1,-1.0
521,Original_156.jpg,-1,-1.0
522,Original_157.jpg,-1,-1.0
523,Original_158.jpg,-1,-1.0
524,Original_159.jpg,-1,-1.0
525,Original_16.jpg,1,-1.0
526,Original_16.jpg,-1,-1.0
527,Original_160.jpg,-1,-1.0
528,Original_161.jpg,-1,-1.0
529,Original_162.jpg,-1,-1.0
530,Original_163.jpg,-1,-1.0
531,Original_164.jpg,-1,-1.0
532,Original_165.jpg,-1,-1.0
533,Original_166.jpg,-1,-1.0
534,Original_167.jpg,-1,-1.0
535,Original_168.jpg,-1,-1.0
536,Original_169.jpg,-1,-1.0
537,Original_17.jpg,1,-1.0
538,Original_17.jpg,-1,-1.0
539,Original_170.jpg,-1,-1.0
540,Original_171.jpg,-1,-1.0
541,Original_172.jpg,-1,-1.0
542,Original_173.jpg,-1,-1.0
543,Original_174.jpg,-1,-1.0
544,Original_175.jpg,-1,-1.0
545,Original_176.jpg,-1,-1.0
546,Original_177.jpg,-1,-1.0
547,Original_178.jpg,-1,-1.0
548,Original_179.jpg,-1,-1.0
549,Original_18.jpg,-1,-1.0
550,Original_18.jpg,-1,-1.0
551,Original_180.jpg,-1,1.0
552,Original_181.jpg,-1,1.0
553,Original_182.jpg,-1,-1.0
554,Original_183.jpg,1,-1.0
555,Original_184.jpg,-1,-1.0
556,Original_185.jpg,1,-1.0
557,Original_186.jpg,-1,-1.0
558,Original_187.jpg,-1,-1.0
559,Original_188.jpg,-1,-1.0
560,Original_189.jpg,-1,-1.0
561,Original_19.jpg,1,-1.0
562,Original_19.jpg,-1,-1.0
563,Original_190.jpg,-1,-1.0
564,Original_191.jpg,-1,-1.0
565,Original_192.jpg,-1,-1.0
566,Original_193.jpg,-1,-1.0
567,Original_194.jpg,-1,-1.0
568,Original_195.jpg,-1,-1.0
569,Original_196.jpg,-1,1.0
570,Original_197.jpg,-1,-1.0
571,Original_198.jpg,-1,-1.0
572,Original_199.jpg,-1,-1.0
573,Original_2.jpg,-1,-1.0
574,Original_2.jpg,-1,-1.0
575,Original_20.jpg,-1,-1.0
576,Original_20.jpg,-1,-1.0
577,Original_200.jpg,-1,-1.0
578,Original_201.jpg,-1,-1.0
579,Original_202.jpg,-1,1.0
580,Original_203.jpg,-1,-1.0
581,Original_204.jpg,-1,-1.0
582,Original_205.jpg,-1,-1.0
583,Original_206.jpg,1,1.0
584,Original_207.jpg,1,-1.0
585,Original_208.jpg,1,1.0
586,Original_209.jpg,-1,-1.0
587,Original_21.jpg,-1,-1.0
588,Original_21.jpg,-1,-1.0
589,Original_210.jpg,-1,1.0
590,Original_211.jpg,1,-1.0
591,Original_212.jpg,-1,-1.0
592,Original_213.jpg,-1,-1.0
593,Original_214.jpg,-1,-1.0
594,Original_215.jpg,-1,-1.0
595,Original_216.jpg,1,-1.0
596,Original_217.jpg,1,-1.0
597,Original_218.jpg,1,-1.0
598,Original_219.jpg,-1,-1.0
599,Original_22.jpg,1,-1.0
600,Original_22.jpg,-1,-1.0
601,Original_220.jpg,1,-1.0
602,Original_221.jpg,1,-1.0
603,Original_222.jpg,-1,-1.0
604,Original_223.jpg,-1,-1.0
605,Original_224.jpg,-1,1.0
606,Original_225.jpg,-1,-1.0
607,Original_226.jpg,-1,-1.0
608,Original_227.jpg,-1,-1.0
609,Original_228.jpg,-1,-1.0
610,Original_229.jpg,-1,-1.0
611,Original_23.jpg,-1,-1.0
612,Original_23.jpg,-1,-1.0
613,Original_230.jpg,1,-1.0
614,Original_231.jpg,1,-1.0
615,Original_232.jpg,-1,-1.0
616,Original_233.jpg,-1,-1.0
617,Original_234.jpg,-1,-1.0
618,Original_235.jpg,-1,1.0
619,Original_236.jpg,-1,-1.0
620,Original_237.jpg,-1,-1.0
621,Original_238.jpg,-1,-1.0
622,Original_239.jpg,1,-1.0
623,Original_24.jpg,-1,-1.0
624,Original_24.jpg,-1,-1.0
625,Original_240.jpg,-1,-1.0
626,Original_241.jpg,-1,-1.0
627,Original_242.jpg,-1,-1.0
628,Original_243.jpg,-1,-1.0
629,Original_244.jpg,1,1.0
630,Original_245.jpg,-1,-1.0
631,Original_246.jpg,-1,-1.0
632,Original_247.jpg,-1,-1.0
633,Original_248.jpg,-1,-1.0
634,Original_249.jpg,-1,-1.0
635,Original_25.jpg,-1,-1.0
636,Original_25.jpg,-1,-1.0
637,Original_250.jpg,-1,-1.0
638,Original_251.jpg,-1,-1.0
639,Original_252.jpg,-1,-1.0
640,Original_253.jpg,-1,-1.0
641,Original_254.jpg,1,1.0
642,Original_255.jpg,1,1.0
643,Original_256.jpg,1,-1.0
644,Original_257.jpg,-1,-1.0
645,Original_258.jpg,-1,-1.0
646,Original_259.jpg,-1,-1.0
647,Original_26.jpg,-1,-1.0
648,Original_26.jpg,-1,-1.0
649,Original_260.jpg,-1,-1.0
650,Original_261.jpg,-1,1.0
651,Original_262.jpg,-1,1.0
652,Original_263.jpg,-1,-1.0
653,Original_264.jpg,-1,-1.0
654,Original_265.jpg,-1,-1.0
655,Original_266.jpg,-1,-1.0
656,Original_267.jpg,1,-1.0
657,Original_268.jpg,-1,-1.0
658,Original_269.jpg,-1,-1.0
659,Original_27.jpg,-1,-1.0
660,Original_27.jpg,-1,-1.0
661,Original_270.jpg,-1,-1.0
662,Original_271.jpg,-1,-1.0
663,Original_272.jpg,-1,-1.0
664,Original_273.jpg,-1,-1.0
665,Original_274.jpg,-1,-1.0
666,Original_275.jpg,-1,-1.0
667,Original_276.jpg,-1,-1.0
668,Original_277.jpg,1,1.0
669,Original_278.jpg,1,-1.0
670,Original_279.jpg,-1,-1.0
671,Original_28.jpg,-1,-1.0
672,Original_28.jpg,-1,-1.0
673,Original_280.jpg,-1,1.0
674,Original_281.jpg,1,-1.0
675,Original_282.jpg,-1,1.0
676,Original_283.jpg,-1,-1.0
677,Original_284.jpg,1,-1.0
678,Original_285.jpg,1,-1.0
679,Original_286.jpg,1,1.0
680,Original_287.jpg,-1,-1.0
681,Original_288.jpg,1,-1.0
682,Original_289.jpg,-1,-1.0
683,Original_29.jpg,1,-1.0
684,Original_29.jpg,-1,-1.0
685,Original_290.jpg,-1,-1.0
686,Original_291.jpg,1,1.0
687,Original_292.jpg,1,1.0
688,Original_293.jpg,1,1.0
689,Original_294.jpg,1,-1.0
690,Original_295.jpg,1,-1.0
691,Original_296.jpg,-1,-1.0
692,Original_297.jpg,1,-1.0
693,Original_298.jpg,1,-1.0
694,Original_299.jpg,1,-1.0
695,Original_3.jpg,-1,-1.0
696,Original_3.jpg,-1,-1.0
697,Original_30.jpg,1,-1.0
698,Original_30.jpg,-1,-1.0
699,Original_300.jpg,1,-1.0
700,Original_301.jpg,-1,-1.0
701,Original_302.jpg,1,-1.0
702,Original_303.jpg,1,-1.0
703,Original_304.jpg,1,-1.0
704,Original_305.jpg,-1,-1.0
705,Original_306.jpg,1,-1.0
706,Original_307.jpg,1,-1.0
707,Original_308.jpg,-1,-1.0
708,Original_309.jpg,1,-1.0
709,Original_31.jpg,-1,-1.0
710,Original_310.jpg,1,1.0
711,Original_311.jpg,1,1.0
712,Original_312.jpg,1,-1.0
713,Original_313.jpg,1,-1.0
714,Original_314.jpg,-1,1.0
715,Original_315.jpg,1,-1.0
716,Original_316.jpg,1,-1.0
717,Original_317.jpg,-1,1.0
718,Original_318.jpg,1,1.0
719,Original_319.jpg,1,-1.0
720,Original_32.jpg,-1,-1.0
721,Original_320.jpg,1,-1.0
722,Original_321.jpg,1,-1.0
723,Original_322.jpg,1,-1.0
724,Original_323.jpg,1,-1.0
725,Original_324.jpg,-1,-1.0
726,Original_325.jpg,-1,-1.0
727,Original_326.jpg,-1,-1.0
728,Original_327.jpg,-1,-1.0
729,Original_328.jpg,-1,-1.0
730,Original_329.jpg,-1,-1.0
731,Original_33.jpg,-1,-1.0
732,Original_330.jpg,-1,-1.0
733,Original_331.jpg,-1,-1.0
734,Original_332.jpg,-1,-1.0
735,Original_333.jpg,-1,-1.0
736,Original_334.jpg,-1,-1.0
737,Original_335.jpg,1,-1.0
738,Original_336.jpg,-1,-1.0
739,Original_337.jpg,1,-1.0
740,Original_338.jpg,-1,-1.0
741,Original_339.jpg,1,-1.0
742,Original_34.jpg,1,-1.0
743,Original_340.jpg,1,-1.0
744,Original_341.jpg,-1,-1.0
745,Original_342.jpg,-1,-1.0
746,Original_343.jpg,-1,-1.0
747,Original_344.jpg,-1,-1.0
748,Original_345.jpg,-1,-1.0
749,Original_346.jpg,-1,-1.0
750,Original_347.jpg,-1,-1.0
751,Original_348.jpg,1,-1.0
752,Original_349.jpg,1,-1.0
753,Original_35.jpg,-1,-1.0
754,Original_350.jpg,-1,-1.0
755,Original_351.jpg,-1,-1.0
756,Original_352.jpg,-1,-1.0
757,Original_353.jpg,-1,-1.0
758,Original_354.jpg,-1,-1.0
759,Original_355.jpg,-1,-1.0
760,Original_356.jpg,-1,-1.0
761,Original_357.jpg,-1,-1.0
762,Original_358.jpg,-1,-1.0
763,Original_359.jpg,1,1.0
764,Original_36.jpg,1,-1.0
765,Original_360.jpg,1,1.0
766,Original_361.jpg,1,-1.0
767,Original_362.jpg,-1,-1.0
768,Original_363.jpg,-1,-1.0
769,Original_364.jpg,-1,-1.0
770,Original_365.jpg,-1,-1.0
771,Original_366.jpg,-1,-1.0
772,Original_367.jpg,-1,-1.0
773,Original_368.jpg,-1,-1.0
774,Original_369.jpg,-1,-1.0
775,Original_37.jpg,-1,-1.0
776,Original_370.jpg,-1,-1.0
777,Original_371.jpg,-1,-1.0
778,Original_372.jpg,-1,-1.0
779,Original_373.jpg,-1,-1.0
780,Original_374.jpg,1,-1.0
781,Original_375.jpg,-1,-1.0
782,Original_376.jpg,-1,-1.0
783,Original_377.jpg,-1,-1.0
784,Original_378.jpg,1,-1.0
785,Original_379.jpg,1,1.0
786,Original_38.jpg,-1,-1.0
787,Original_380.jpg,1,-1.0
788,Original_381.jpg,-1,-1.0
789,Original_382.jpg,-1,-1.0
790,Original_383.jpg,-1,-1.0
791,Original_384.jpg,-1,-1.0
792,Original_385.jpg,-1,-1.0
793,Original_386.jpg,-1,-1.0
794,Original_387.jpg,-1,-1.0
795,Original_388.jpg,-1,-1.0
796,Original_389.jpg,-1,-1.0
797,Original_39.jpg,-1,-1.0
798,Original_390.jpg,-1,-1.0
799,Original_391.jpg,-1,-1.0
800,Original_392.jpg,1,-1.0
801,Original_393.jpg,-1,-1.0
802,Original_394.jpg,-1,-1.0
803,Original_395.jpg,1,-1.0
804,Original_396.jpg,-1,-1.0
805,Original_397.jpg,-1,-1.0
806,Original_398.jpg,1,-1.0
807,Original_399.jpg,-1,-1.0
808,Original_4.jpg,1,-1.0
809,Original_4.jpg,-1,-1.0
810,Original_40.jpg,-1,-1.0
811,Original_400.jpg,-1,-1.0
812,Original_401.jpg,-1,-1.0
813,Original_402.jpg,-1,-1.0
814,Original_403.jpg,-1,-1.0
815,Original_404.jpg,1,-1.0
816,Original_405.jpg,-1,-1.0
817,Original_406.jpg,-1,-1.0
818,Original_407.jpg,-1,-1.0
819,Original_408.jpg,-1,-1.0
820,Original_409.jpg,-1,-1.0
821,Original_41.jpg,-1,-1.0
822,Original_410.jpg,-1,-1.0
823,Original_411.jpg,-1,-1.0
824,Original_412.jpg,-1,-1.0
825,Original_413.jpg,-1,-1.0
826,Original_414.jpg,-1,-1.0
827,Original_415.jpg,-1,-1.0
828,Original_416.jpg,-1,-1.0
829,Original_417.jpg,-1,-1.0
830,Original_418.jpg,-1,-1.0
831,Original_419.jpg,-1,-1.0
832,Original_42.jpg,-1,-1.0
833,Original_420.jpg,-1,-1.0
834,Original_421.jpg,-1,-1.0
835,Original_422.jpg,-1,-1.0
836,Original_423.jpg,-1,-1.0
837,Original_424.jpg,1,-1.0
838,Original_425.jpg,-1,-1.0
839,Original_426.jpg,1,1.0
840,Original_427.jpg,-1,-1.0
841,Original_428.jpg,1,1.0
842,Original_429.jpg,1,-1.0
843,Original_43.jpg,1,-1.0
844,Original_430.jpg,-1,-1.0
845,Original_431.jpg,-1,-1.0
846,Original_432.jpg,-1,-1.0
847,Original_433.jpg,-1,-1.0
848,Original_434.jpg,1,-1.0
849,Original_435.jpg,-1,-1.0
850,Original_436.jpg,-1,-1.0
851,Original_437.jpg,-1,-1.0
852,Original_438.jpg,-1,-1.0
853,Original_439.jpg,1,-1.0
854,Original_44.jpg,1,-1.0
855,Original_440.jpg,-1,-1.0
856,Original_441.jpg,1,1.0
857,Original_442.jpg,1,-1.0
858,Original_443.jpg,-1,-1.0
859,Original_444.jpg,-1,-1.0
860,Original_445.jpg,-1,-1.0
861,Original_446.jpg,-1,-1.0
862,Original_447.jpg,-1,-1.0
863,Original_448.jpg,-1,-1.0
864,Original_449.jpg,-1,-1.0
865,Original_45.jpg,-1,-1.0
866,Original_450.jpg,-1,-1.0
867,Original_451.jpg,-1,-1.0
868,Original_452.jpg,-1,-1.0
869,Original_453.jpg,1,-1.0
870,Original_454.jpg,1,-1.0
871,Original_455.jpg,-1,-1.0
872,Original_456.jpg,-1,-1.0
873,Original_457.jpg,-1,-1.0
874,Original_458.jpg,-1,-1.0
875,Original_459.jpg,-1,-1.0
876,Original_46.jpg,-1,-1.0
877,Original_460.jpg,-1,-1.0
878,Original_461.jpg,-1,-1.0
879,Original_462.jpg,-1,-1.0
880,Original_463.jpg,-1,-1.0
881,Original_464.jpg,-1,-1.0
882,Original_465.jpg,1,-1.0
883,Original_466.jpg,1,-1.0
884,Original_467.jpg,1,-1.0
885,Original_468.jpg,-1,-1.0
886,Original_469.jpg,-1,-1.0
887,Original_47.jpg,-1,-1.0
888,Original_470.jpg,-1,-1.0
889,Original_471.jpg,-1,-1.0
890,Original_472.jpg,-1,-1.0
891,Original_473.jpg,-1,-1.0
892,Original_474.jpg,-1,-1.0
893,Original_475.jpg,-1,-1.0
894,Original_476.jpg,-1,-1.0
895,Original_477.jpg,-1,-1.0
896,Original_478.jpg,-1,-1.0
897,Original_479.jpg,-1,-1.0
898,Original_48.jpg,-1,-1.0
899,Original_480.jpg,-1,-1.0
900,Original_481.jpg,-1,-1.0
901,Original_482.jpg,-1,-1.0
902,Original_483.jpg,-1,-1.0
903,Original_484.jpg,-1,-1.0
904,Original_485.jpg,-1,-1.0
905,Original_486.jpg,-1,-1.0
906,Original_487.jpg,-1,-1.0
907,Original_488.jpg,1,1.0
908,Original_489.jpg,1,1.0
909,Original_49.jpg,-1,-1.0
910,Original_490.jpg,-1,-1.0
911,Original_491.jpg,-1,-1.0
912,Original_492.jpg,-1,-1.0
913,Original_493.jpg,-1,-1.0
914,Original_494.jpg,1,1.0
915,Original_495.jpg,-1,1.0
916,Original_496.jpg,1,1.0
917,Original_497.jpg,-1,-1.0
918,Original_498.jpg,1,1.0
919,Original_499.jpg,1,1.0
920,Original_5.jpg,1,1.0
921,Original_5.jpg,-1,-1.0
922,Original_50.jpg,1,-1.0
923,Original_500.jpg,-1,-1.0
924,Original_501.jpg,1,1.0
925,Original_502.jpg,-1,1.0
926,Original_503.jpg,1,1.0
927,Original_504.jpg,1,1.0
928,Original_505.jpg,1,1.0
929,Original_506.jpg,1,1.0
930,Original_507.jpg,1,1.0
931,Original_508.jpg,-1,-1.0
932,Original_509.jpg,1,-1.0
933,Original_51.jpg,-1,-1.0
934,Original_510.jpg,1,1.0
935,Original_511.jpg,-1,-1.0
936,Original_512.jpg,1,1.0
937,Original_513.jpg,-1,-1.0
938,Original_514.jpg,-1,-1.0
939,Original_515.jpg,-1,-1.0
940,Original_516.jpg,1,-1.0
941,Original_517.jpg,1,1.0
942,Original_518.jpg,1,1.0
943,Original_519.jpg,-1,-1.0
944,Original_52.jpg,-1,-1.0
945,Original_520.jpg,-1,-1.0
946,Original_521.jpg,-1,-1.0
947,Original_522.jpg,1,-1.0
948,Original_523.jpg,-1,-1.0
949,Original_524.jpg,-1,-1.0
950,Original_525.jpg,1,1.0
951,Original_526.jpg,1,1.0
952,Original_527.jpg,1,1.0
953,Original_528.jpg,-1,-1.0
954,Original_529.jpg,1,-1.0
955,Original_53.jpg,-1,-1.0
956,Original_530.jpg,1,1.0
957,Original_531.jpg,1,1.0
958,Original_532.jpg,-1,-1.0
959,Original_533.jpg,1,1.0
960,Original_534.jpg,1,1.0
961,Original_535.jpg,-1,-1.0
962,Original_536.jpg,1,1.0
963,Original_537.jpg,1,-1.0
964,Original_538.jpg,-1,1.0
965,Original_539.jpg,1,-1.0
966,Original_54.jpg,-1,-1.0
967,Original_540.jpg,1,-1.0
968,Original_541.jpg,1,1.0
969,Original_542.jpg,1,1.0
970,Original_543.jpg,1,1.0
971,Original_544.jpg,-1,-1.0
972,Original_545.jpg,1,1.0
973,Original_546.jpg,1,1.0
974,Original_547.jpg,-1,-1.0
975,Original_548.jpg,-1,-1.0
976,Original_549.jpg,-1,-1.0
977,Original_55.jpg,-1,-1.0
978,Original_550.jpg,1,-1.0
979,Original_551.jpg,1,-1.0
980,Original_552.jpg,1,1.0
981,Original_553.jpg,1,-1.0
982,Original_554.jpg,-1,-1.0
983,Original_555.jpg,1,1.0
984,Original_556.jpg,-1,-1.0
985,Original_557.jpg,1,-1.0
986,Original_558.jpg,1,1.0
987,Original_559.jpg,1,1.0
988,Original_56.jpg,-1,1.0
989,Original_560.jpg,1,1.0
990,Original_561.jpg,1,1.0
991,Original_562.jpg,1,-1.0
992,Original_563.jpg,1,1.0
993,Original_564.jpg,-1,-1.0
994,Original_565.jpg,-1,-1.0
995,Original_566.jpg,-1,-1.0
996,Original_567.jpg,-1,-1.0
997,Original_568.jpg,-1,-1.0
998,Original_569.jpg,1,1.0
999,Original_57.jpg,-1,-1.0
1000,Original_570.jpg,1,1.0
1001,Original_571.jpg,1,1.0
1002,Original_572.jpg,-1,-1.0
1003,Original_573.jpg,-1,-1.0
1004,Original_574.jpg,-1,-1.0
1005,Original_575.jpg,-1,-1.0
1006,Original_576.jpg,1,-1.0
1007,Original_577.jpg,1,1.0
1008,Original_578.jpg,1,1.0
1009,Original_579.jpg,-1,-1.0
1010,Original_58.jpg,-1,1.0
1011,Original_580.jpg,-1,-1.0
1012,Original_581.jpg,-1,-1.0
1013,Original_582.jpg,1,1.0
1014,Original_583.jpg,1,1.0
1015,Original_584.jpg,-1,-1.0
1016,Original_585.jpg,1,1.0
1017,Original_586.jpg,1,1.0
1018,Original_587.jpg,-1,1.0
1019,Original_588.jpg,-1,-1.0
1020,Original_589.jpg,-1,1.0
1021,Original_59.jpg,-1,-1.0
1022,Original_590.jpg,-1,1.0
1023,Original_591.jpg,1,1.0
1024,Original_592.jpg,1,1.0
1025,Original_593.jpg,1,1.0
1026,Original_594.jpg,1,1.0
1027,Original_595.jpg,1,1.0
1028,Original_596.jpg,1,1.0
1029,Original_597.jpg,1,1.0
1030,Original_598.jpg,1,1.0
1031,Original_599.jpg,-1,-1.0
1032,Original_6.jpg,1,-1.0
1033,Original_6.jpg,-1,1.0
1034,Original_60.jpg,-1,-1.0
1035,Original_600.jpg,1,-1.0
1036,Original_601.jpg,1,1.0
1037,Original_602.jpg,1,1.0
1038,Original_603.jpg,1,1.0
1039,Original_604.jpg,1,-1.0
1040,Original_605.jpg,1,-1.0
1041,Original_606.jpg,1,1.0
1042,Original_607.jpg,1,1.0
1043,Original_608.jpg,1,1.0
1044,Original_609.jpg,1,1.0
1045,Original_61.jpg,-1,-1.0
1046,Original_610.jpg,1,1.0
1047,Original_611.jpg,1,1.0
1048,Original_612.jpg,-1,-1.0
1049,Original_613.jpg,1,1.0
1050,Original_614.jpg,1,1.0
1051,Original_615.jpg,1,1.0
1052,Original_616.jpg,-1,-1.0
1053,Original_617.jpg,-1,-1.0
1054,Original_618.jpg,1,1.0
1055,Original_619.jpg,1,1.0
1056,Original_62.jpg,-1,-1.0
1057,Original_620.jpg,-1,-1.0
1058,Original_621.jpg,-1,-1.0
1059,Original_622.jpg,-1,-1.0
1060,Original_623.jpg,-1,-1.0
1061,Original_624.jpg,-1,-1.0
1062,Original_625.jpg,-1,-1.0
1063,Original_626.jpg,-1,-1.0
1064,Original_627.jpg,-1,-1.0
1065,Original_628.jpg,1,1.0
1066,Original_629.jpg,1,1.0
1067,Original_63.jpg,-1,-1.0
1068,Original_630.jpg,1,-1.0
1069,Original_631.jpg,1,-1.0
1070,Original_632.jpg,1,-1.0
1071,Original_633.jpg,1,-1.0
1072,Original_634.jpg,1,-1.0
1073,Original_635.jpg,1,1.0
1074,Original_636.jpg,1,-1.0
1075,Original_637.jpg,1,-1.0
1076,Original_638.jpg,1,-1.0
1077,Original_639.jpg,-1,-1.0
1078,Original_64.jpg,-1,-1.0
1079,Original_640.jpg,-1,-1.0
1080,Original_641.jpg,1,1.0
1081,Original_642.jpg,1,1.0
1082,Original_643.jpg,-1,1.0
1083,Original_644.jpg,-1,-1.0
1084,Original_645.jpg,-1,-1.0
1085,Original_646.jpg,-1,-1.0
1086,Original_647.jpg,-1,-1.0
1087,Original_648.jpg,-1,-1.0
1088,Original_649.jpg,-1,-1.0
1089,Original_65.jpg,-1,-1.0
1090,Original_650.jpg,1,-1.0
1091,Original_651.jpg,1,1.0
1092,Original_652.jpg,1,-1.0
1093,Original_653.jpg,1,-1.0
1094,Original_654.jpg,1,1.0
1095,Original_655.jpg,1,1.0
1096,Original_656.jpg,1,1.0
1097,Original_657.jpg,1,1.0
1098,Original_658.jpg,1,1.0
1099,Original_659.jpg,1,1.0
1100,Original_66.jpg,-1,-1.0
1101,Original_660.jpg,1,1.0
1102,Original_661.jpg,1,1.0
1103,Original_662.jpg,1,1.0
1104,Original_663.jpg,-1,-1.0
1105,Original_664.jpg,1,-1.0
1106,Original_665.jpg,1,-1.0
1107,Original_666.jpg,-1,-1.0
1108,Original_667.jpg,1,1.0
1109,Original_668.jpg,1,-1.0
1110,Original_669.jpg,-1,-1.0
1111,Original_67.jpg,-1,-1.0
1112,Original_670.jpg,1,-1.0
1113,Original_671.jpg,1,-1.0
1114,Original_672.jpg,-1,-1.0
1115,Original_673.jpg,-1,-1.0
1116,Original_674.jpg,1,1.0
1117,Original_675.jpg,1,1.0
1118,Original_676.jpg,1,1.0
1119,Original_677.jpg,1,1.0
1120,Original_678.jpg,1,1.0
1121,Original_679.jpg,1,1.0
1122,Original_68.jpg,-1,-1.0
1123,Original_680.jpg,1,1.0
1124,Original_681.jpg,1,1.0
1125,Original_682.jpg,1,1.0
1126,Original_683.jpg,1,1.0
1127,Original_684.jpg,1,1.0
1128,Original_685.jpg,-1,-1.0
1129,Original_686.jpg,-1,-1.0
1130,Original_687.jpg,-1,-1.0
1131,Original_688.jpg,-1,-1.0
1132,Original_689.jpg,-1,1.0
1133,Original_69.jpg,1,1.0
1134,Original_690.jpg,1,1.0
1135,Original_691.jpg,1,1.0
1136,Original_692.jpg,1,1.0
1137,Original_693.jpg,1,1.0
1138,Original_694.jpg,-1,-1.0
1139,Original_695.jpg,-1,-1.0
1140,Original_696.jpg,-1,-1.0
1141,Original_697.jpg,1,-1.0
1142,Original_698.jpg,-1,1.0
1143,Original_699.jpg,-1,1.0
1144,Original_7.jpg,-1,-1.0
1145,Original_7.jpg,-1,-1.0
1146,Original_70.jpg,-1,-1.0
1147,Original_700.jpg,-1,1.0
1148,Original_701.jpg,-1,-1.0
1149,Original_702.jpg,-1,1.0
1150,Original_703.jpg,1,1.0
1151,Original_704.jpg,1,1.0
1152,Original_705.jpg,1,1.0
1153,Original_706.jpg,1,1.0
1154,Original_707.jpg,-1,-1.0
1155,Original_708.jpg,-1,1.0
1156,Original_709.jpg,-1,-1.0
1157,Original_71.jpg,-1,-1.0
1158,Original_710.jpg,1,1.0
1159,Original_711.jpg,1,1.0
1160,Original_712.jpg,-1,1.0
1161,Original_713.jpg,-1,-1.0
1162,Original_714.jpg,-1,-1.0
1163,Original_715.jpg,-1,-1.0
1164,Original_716.jpg,-1,-1.0
1165,Original_717.jpg,1,1.0
1166,Original_718.jpg,1,1.0
1167,Original_719.jpg,1,1.0
1168,Original_72.jpg,-1,-1.0
1169,Original_720.jpg,1,1.0
1170,Original_721.jpg,1,1.0
1171,Original_722.jpg,-1,1.0
1172,Original_723.jpg,-1,1.0
1173,Original_724.jpg,-1,1.0
1174,Original_725.jpg,1,-1.0
1175,Original_726.jpg,1,1.0
1176,Original_727.jpg,-1,-1.0
1177,Original_728.jpg,-1,1.0
1178,Original_729.jpg,1,1.0
1179,Original_73.jpg,1,-1.0
1180,Original_730.jpg,1,1.0
1181,Original_731.jpg,1,1.0
1182,Original_732.jpg,1,1.0
1183,Original_733.jpg,-1,1.0
1184,Original_734.jpg,-1,-1.0
1185,Original_735.jpg,-1,1.0
1186,Original_736.jpg,1,1.0
1187,Original_737.jpg,1,1.0
1188,Original_738.jpg,1,1.0
1189,Original_739.jpg,-1,1.0
1190,Original_74.jpg,-1,-1.0
1191,Original_740.jpg,-1,1.0
1192,Original_741.jpg,-1,-1.0
1193,Original_742.jpg,-1,-1.0
1194,Original_743.jpg,-1,-1.0
1195,Original_744.jpg,-1,-1.0
1196,Original_745.jpg,-1,-1.0
1197,Original_746.jpg,-1,-1.0
1198,Original_747.jpg,-1,-1.0
1199,Original_748.jpg,-1,-1.0
1200,Original_749.jpg,-1,-1.0
1201,Original_75.jpg,-1,-1.0
1202,Original_750.jpg,-1,-1.0
1203,Original_751.jpg,-1,-1.0
1204,Original_752.jpg,-1,-1.0
1205,Original_753.jpg,1,1.0
1206,Original_754.jpg,1,1.0
1207,Original_755.jpg,1,1.0
1208,Original_756.jpg,1,1.0
1209,Original_757.jpg,1,1.0
1210,Original_758.jpg,1,1.0
1211,Original_759.jpg,1,1.0
1212,Original_76.jpg,-1,-1.0
1213,Original_760.jpg,-1,-1.0
1214,Original_761.jpg,-1,-1.0
1215,Original_762.jpg,-1,-1.0
1216,Original_763.jpg,-1,-1.0
1217,Original_764.jpg,-1,-1.0
1218,Original_765.jpg,1,1.0
1219,Original_766.jpg,-1,-1.0
1220,Original_767.jpg,-1,-1.0
1221,Original_768.jpg,-1,-1.0
1222,Original_769.jpg,-1,-1.0
1223,Original_77.jpg,-1,-1.0
1224,Original_770.jpg,-1,-1.0
1225,Original_771.jpg,-1,-1.0
1226,Original_772.jpg,-1,-1.0
1227,Original_773.jpg,-1,-1.0
1228,Original_774.jpg,-1,-1.0
1229,Original_775.jpg,-1,-1.0
1230,Original_776.jpg,1,1.0
1231,Original_777.jpg,1,-1.0
1232,Original_778.jpg,1,-1.0
1233,Original_779.jpg,-1,-1.0
1234,Original_78.jpg,-1,-1.0
1235,Original_780.jpg,1,-1.0
1236,Original_781.jpg,-1,-1.0
1237,Original_782.jpg,1,1.0
1238,Original_783.jpg,1,1.0
1239,Original_784.jpg,1,1.0
1240,Original_785.jpg,1,1.0
1241,Original_786.jpg,1,-1.0
1242,Original_787.jpg,1,-1.0
1243,Original_788.jpg,1,1.0
1244,Original_789.jpg,1,1.0
1245,Original_79.jpg,-1,-1.0
1246,Original_790.jpg,1,1.0
1247,Original_791.jpg,1,1.0
1248,Original_792.jpg,1,1.0
1249,Original_793.jpg,1,1.0
1250,Original_794.jpg,1,1.0
1251,Original_795.jpg,-1,-1.0
1252,Original_796.jpg,1,1.0
1253,Original_797.jpg,1,1.0
1254,Original_798.jpg,1,1.0
1255,Original_799.jpg,1,-1.0
1256,Original_8.jpg,-1,-1.0
1257,Original_8.jpg,-1,-1.0
1258,Original_80.jpg,-1,-1.0
1259,Original_800.jpg,1,1.0
1260,Original_801.jpg,1,1.0
1261,Original_802.jpg,1,1.0
1262,Original_803.jpg,1,1.0
1263,Original_804.jpg,-1,-1.0
1264,Original_805.jpg,1,-1.0
1265,Original_806.jpg,-1,-1.0
1266,Original_807.jpg,1,1.0
1267,Original_808.jpg,-1,1.0
1268,Original_809.jpg,1,1.0
1269,Original_81.jpg,-1,-1.0
1270,Original_810.jpg,1,1.0
1271,Original_811.jpg,1,1.0
1272,Original_812.jpg,1,1.0
1273,Original_813.jpg,1,1.0
1274,Original_814.jpg,1,1.0
1275,Original_815.jpg,1,1.0
1276,Original_816.jpg,-1,-1.0
1277,Original_817.jpg,-1,-1.0
1278,Original_818.jpg,-1,-1.0
1279,Original_819.jpg,-1,-1.0
1280,Original_82.jpg,-1,-1.0
1281,Original_820.jpg,-1,-1.0
1282,Original_821.jpg,-1,-1.0
1283,Original_822.jpg,-1,-1.0
1284,Original_823.jpg,-1,-1.0
1285,Original_824.jpg,-1,-1.0
1286,Original_825.jpg,-1,-1.0
1287,Original_826.jpg,-1,-1.0
1288,Original_827.jpg,-1,-1.0
1289,Original_828.jpg,-1,-1.0
1290,Original_829.jpg,-1,-1.0
1291,Original_83.jpg,-1,-1.0
1292,Original_830.jpg,-1,-1.0
1293,Original_831.jpg,-1,-1.0
1294,Original_832.jpg,-1,-1.0
1295,Original_833.jpg,-1,-1.0
1296,Original_834.jpg,-1,-1.0
1297,Original_835.jpg,-1,-1.0
1298,Original_836.jpg,-1,-1.0
1299,Original_837.jpg,-1,-1.0
1300,Original_838.jpg,-1,-1.0
1301,Original_839.jpg,-1,-1.0
1302,Original_84.jpg,-1,-1.0
1303,Original_840.jpg,1,-1.0
1304,Original_841.jpg,-1,-1.0
1305,Original_842.jpg,-1,-1.0
1306,Original_843.jpg,1,-1.0
1307,Original_844.jpg,1,-1.0
1308,Original_845.jpg,-1,-1.0
1309,Original_846.jpg,-1,-1.0
1310,Original_847.jpg,-1,-1.0
1311,Original_848.jpg,-1,-1.0
1312,Original_849.jpg,-1,-1.0
1313,Original_85.jpg,-1,-1.0
1314,Original_850.jpg,-1,-1.0
1315,Original_851.jpg,-1,-1.0
1316,Original_852.jpg,1,-1.0
1317,Original_853.jpg,1,-1.0
1318,Original_854.jpg,-1,-1.0
1319,Original_855.jpg,-1,-1.0
1320,Original_856.jpg,1,1.0
1321,Original_857.jpg,1,1.0
1322,Original_858.jpg,1,1.0
1323,Original_859.jpg,1,-1.0
1324,Original_86.jpg,-1,-1.0
1325,Original_860.jpg,1,-1.0
1326,Original_861.jpg,1,-1.0
1327,Original_862.jpg,1,1.0
1328,Original_863.jpg,1,1.0
1329,Original_864.jpg,1,1.0
1330,Original_865.jpg,1,-1.0
1331,Original_866.jpg,1,-1.0
1332,Original_867.jpg,1,-1.0
1333,Original_868.jpg,1,-1.0
1334,Original_869.jpg,1,-1.0
1335,Original_87.jpg,-1,-1.0
1336,Original_870.jpg,1,1.0
1337,Original_871.jpg,1,1.0
1338,Original_872.jpg,1,-1.0
1339,Original_873.jpg,1,-1.0
1340,Original_874.jpg,1,1.0
1341,Original_875.jpg,1,-1.0
1342,Original_876.jpg,1,-1.0
1343,Original_877.jpg,1,1.0
1344,Original_878.jpg,1,1.0
1345,Original_879.jpg,-1,-1.0
1346,Original_88.jpg,1,-1.0
1347,Original_880.jpg,1,1.0
1348,Original_881.jpg,1,1.0
1349,Original_882.jpg,1,1.0
1350,Original_883.jpg,1,1.0
1351,Original_884.jpg,-1,-1.0
1352,Original_885.jpg,1,1.0
1353,Original_886.jpg,1,1.0
1354,Original_887.jpg,1,1.0
1355,Original_888.jpg,-1,1.0
1356,Original_889.jpg,-1,-1.0
1357,Original_89.jpg,1,1.0
1358,Original_890.jpg,-1,-1.0
1359,Original_891.jpg,1,1.0
1360,Original_892.jpg,1,-1.0
1361,Original_893.jpg,1,-1.0
1362,Original_894.jpg,1,-1.0
1363,Original_895.jpg,1,-1.0
1364,Original_896.jpg,1,-1.0
1365,Original_897.jpg,-1,-1.0
1366,Original_898.jpg,1,1.0
1367,Original_899.jpg,-1,-1.0
1368,Original_9.jpg,-1,-1.0
1369,Original_9.jpg,-1,-1.0
1370,Original_90.jpg,-1,-1.0
1371,Original_900.jpg,1,-1.0
1372,Original_901.jpg,-1,-1.0
1373,Original_902.jpg,1,-1.0
1374,Original_903.jpg,1,1.0
1375,Original_904.jpg,1,1.0
1376,Original_905.jpg,1,1.0
1377,Original_906.jpg,1,-1.0
1378,Original_907.jpg,1,-1.0
1379,Original_908.jpg,1,-1.0
1380,Original_909.jpg,1,-1.0
1381,Original_91.jpg,-1,-1.0
1382,Original_910.jpg,-1,-1.0
1383,Original_911.jpg,1,-1.0
1384,Original_912.jpg,-1,-1.0
1385,Original_913.jpg,-1,-1.0
1386,Original_914.jpg,1,-1.0
1387,Original_915.jpg,1,-1.0
1388,Original_916.jpg,-1,-1.0
1389,Original_917.jpg,-1,-1.0
1390,Original_918.jpg,1,1.0
1391,Original_919.jpg,-1,-1.0
1392,Original_92.jpg,-1,-1.0
1393,Original_920.jpg,1,-1.0
1394,Original_921.jpg,1,-1.0
1395,Original_922.jpg,-1,-1.0
1396,Original_923.jpg,1,1.0
1397,Original_924.jpg,-1,-1.0
1398,Original_925.jpg,-1,-1.0
1399,Original_926.jpg,1,-1.0
1400,Original_927.jpg,1,-1.0
1401,Original_928.jpg,1,-1.0
1402,Original_929.jpg,1,-1.0
1403,Original_93.jpg,-1,-1.0
1404,Original_930.jpg,-1,-1.0
1405,Original_931.jpg,-1,-1.0
1406,Original_932.jpg,1,1.0
1407,Original_933.jpg,1,-1.0
1408,Original_934.jpg,-1,-1.0
1409,Original_935.jpg,1,-1.0
1410,Original_936.jpg,-1,-1.0
1411,Original_937.jpg,-1,-1.0
1412,Original_938.jpg,-1,-1.0
1413,Original_939.jpg,-1,-1.0
1414,Original_94.jpg,-1,-1.0
1415,Original_940.jpg,-1,1.0
1416,Original_941.jpg,-1,-1.0
1417,Original_942.jpg,1,1.0
1418,Original_943.jpg,1,1.0
1419,Original_944.jpg,-1,1.0
1420,Original_945.jpg,1,1.0
1421,Original_946.jpg,-1,1.0
1422,Original_947.jpg,1,1.0
1423,Original_948.jpg,-1,-1.0
1424,Original_949.jpg,1,1.0
1425,Original_95.jpg,-1,-1.0
1426,Original_950.jpg,1,1.0
1427,Original_951.jpg,-1,-1.0
1428,Original_952.jpg,1,1.0
1429,Original_953.jpg,-1,-1.0
1430,Original_954.jpg,1,-1.0
1431,Original_955.jpg,1,-1.0
1432,Original_956.jpg,1,-1.0
1433,Original_957.jpg,1,1.0
1434,Original_958.jpg,1,1.0
1435,Original_959.jpg,1,-1.0
1436,Original_96.jpg,-1,-1.0
1437,Original_960.jpg,1,-1.0
1438,Original_961.jpg,-1,-1.0
1439,Original_962.jpg,1,-1.0
1440,Original_963.jpg,-1,-1.0
1441,Original_964.jpg,1,-1.0
1442,Original_965.jpg,-1,-1.0
1443,Original_966.jpg,1,-1.0
1444,Original_967.jpg,1,1.0
1445,Original_968.jpg,-1,-1.0
1446,Original_969.jpg,1,1.0
1447,Original_97.jpg,1,-1.0
1448,Original_970.jpg,1,1.0
1449,Original_971.jpg,1,-1.0
1450,Original_972.jpg,1,-1.0
1451,Original_973.jpg,1,-1.0
1452,Original_974.jpg,1,-1.0
1453,Original_975.jpg,1,-1.0
1454,Original_976.jpg,-1,-1.0
1455,Original_977.jpg,1,-1.0
1456,Original_978.jpg,1,1.0
1457,Original_979.jpg,1,-1.0
1458,Original_98.jpg,1,-1.0
1459,Original_980.jpg,1,-1.0
1460,Original_981.jpg,1,1.0
1461,Original_982.jpg,1,1.0
1462,Original_983.jpg,1,1.0
1463,Original_984.jpg,1,1.0
1464,Original_985.jpg,1,-1.0
1465,Original_986.jpg,-1,-1.0
1466,Original_987.jpg,1,-1.0
1467,Original_988.jpg,-1,-1.0
1468,Original_989.jpg,-1,1.0
1469,Original_99.jpg,1,-1.0
1470,Original_990.jpg,-1,-1.0
1471,Original_991.jpg,-1,-1.0
1472,Original_992.jpg,-1,-1.0
1473,Original_993.jpg,-1,-1.0
1474,Original_994.jpg,-1,-1.0
1475,Original_995.jpg,-1,-1.0
1476,Original_996.jpg,-1,-1.0
1477,Original_997.jpg,-1,-1.0
1478,Original_998.jpg,-1,-1.0
1479,Original_999.jpg,-1,-1.0
